{"cameraMode":{"drawMode":0,"name":"Shaded","section":"Shading Mode"},"sceneLighting":false,"audioPlay":false,"sceneViewState":{"m_AlwaysRefresh":false,"showFog":true,"showSkybox":false,"showFlares":true,"showImageEffects":true,"showParticleSystems":true,"showVisualEffectGraphs":true,"m_FxEnabled":true},"in2DMode":false,"pivot":{"x":1.5772056579589844,"y":9.713644027709961,"z":14.346440315246582},"rotation":{"x":0.26159417629241946,"y":-0.07519074529409409,"z":0.020445842295885087,"w":0.9620277881622315},"size":10.427557945251465,"orthographic":true}