{"cameraMode":{"drawMode":0,"name":"Shaded","section":"Shading Mode"},"sceneLighting":false,"audioPlay":false,"sceneViewState":{"m_AlwaysRefresh":false,"showFog":false,"showSkybox":false,"showFlares":false,"showImageEffects":false,"showParticleSystems":false,"showVisualEffectGraphs":true,"m_FxEnabled":false},"in2DMode":false,"pivot":{"x":0.053991008549928668,"y":0.2568458020687103,"z":-0.276881605386734},"rotation":{"x":-0.046429719775915149,"y":0.046735379844903949,"z":-0.0022459900937974455,"w":-0.9978804588317871},"size":0.28291523456573489,"orthographic":false}