{"cameraMode":{"drawMode":0,"name":"Shaded","section":"Shading Mode"},"sceneLighting":false,"audioPlay":false,"sceneViewState":{"m_AlwaysRefresh":false,"showFog":true,"showSkybox":false,"showFlares":true,"showImageEffects":true,"showParticleSystems":true,"showVisualEffectGraphs":true,"m_FxEnabled":true},"in2DMode":false,"pivot":{"x":0.11046670377254486,"y":3.8764734268188478,"z":11.076562881469727},"rotation":{"x":0.005999858491122723,"y":0.005999858025461435,"z":-0.000035999582905787975,"w":0.99996417760849},"size":2.3696866035461427,"orthographic":true}