{"cameraMode":{"drawMode":0,"name":"Shaded","section":"Shading Mode"},"sceneLighting":false,"audioPlay":false,"sceneViewState":{"m_AlwaysRefresh":false,"showFog":true,"showSkybox":false,"showFlares":true,"showImageEffects":true,"showParticleSystems":true,"showVisualEffectGraphs":true,"m_FxEnabled":true},"in2DMode":false,"pivot":{"x":0.1225159764289856,"y":0.47596558928489687,"z":0.0018785378197208047},"rotation":{"x":0.13030478358268739,"y":-0.6919713616371155,"z":0.1291372925043106,"w":0.6982269287109375},"size":1.5124481916427613,"orthographic":true}