{"cameraMode":{"drawMode":0,"name":"Shaded","section":"Shading Mode"},"sceneLighting":true,"audioPlay":false,"sceneViewState":{"m_AlwaysRefresh":false,"showFog":true,"showSkybox":true,"showFlares":true,"showImageEffects":true,"showParticleSystems":true,"showVisualEffectGraphs":true,"m_FxEnabled":true},"in2DMode":false,"pivot":{"x":5.765072822570801,"y":0.0468749962747097,"z":4.539480686187744},"rotation":{"x":0.12747998535633088,"y":0.4401475787162781,"z":-0.06328769773244858,"w":0.8865756392478943},"size":0.07077959179878235,"orthographic":false}