{"cameraMode":{"drawMode":0,"name":"Shaded","section":"Shading Mode"},"sceneLighting":true,"audioPlay":false,"sceneViewState":{"m_AlwaysRefresh":false,"showFog":true,"showSkybox":true,"showFlares":true,"showImageEffects":true,"showParticleSystems":true,"showVisualEffectGraphs":true,"m_FxEnabled":true},"in2DMode":false,"pivot":{"x":0.14006565511226655,"y":7.074814334373514e-7,"z":21.882986068725587},"rotation":{"x":0.006379129830747843,"y":0.7053812742233276,"z":-0.006348593160510063,"w":0.7087722420692444},"size":66.8178939819336,"orthographic":true}