{"cameraMode":{"drawMode":0,"name":"Shaded","section":"Shading Mode"},"sceneLighting":true,"audioPlay":false,"sceneViewState":{"m_AlwaysRefresh":false,"showFog":true,"showSkybox":true,"showFlares":true,"showImageEffects":true,"showParticleSystems":true,"showVisualEffectGraphs":true,"m_FxEnabled":true},"in2DMode":false,"pivot":{"x":-1.0454392433166505,"y":0.43221592903137209,"z":-2.8583474159240724},"rotation":{"x":0.01805425062775612,"y":-0.9761859178543091,"z":0.08957121521234513,"w":0.19676317274570466},"size":4.115311145782471,"orthographic":false}