{"cameraMode":{"drawMode":0,"name":"Shaded","section":"Shading Mode"},"sceneLighting":true,"audioPlay":false,"sceneViewState":{"m_AlwaysRefresh":false,"showFog":true,"showSkybox":true,"showFlares":true,"showImageEffects":true,"showParticleSystems":true,"showVisualEffectGraphs":true,"m_FxEnabled":false},"in2DMode":false,"pivot":{"x":44.94587326049805,"y":23.524627685546876,"z":48.91261672973633},"rotation":{"x":0.18867479264736176,"y":-0.18957144021987916,"z":0.037180088460445407,"w":0.9629048109054565},"size":101.85259246826172,"orthographic":false}