{"cameraMode":{"drawMode":0,"name":"Shaded","section":"Shading Mode"},"sceneLighting":true,"audioPlay":false,"sceneViewState":{"m_AlwaysRefresh":false,"showFog":true,"showSkybox":true,"showFlares":true,"showImageEffects":true,"showParticleSystems":true,"showVisualEffectGraphs":true,"m_FxEnabled":false},"in2DMode":false,"pivot":{"x":0.09455123543739319,"y":2.19791579246521,"z":42.814544677734378},"rotation":{"x":0.14920809864997865,"y":-0.05484851077198982,"z":0.00828959234058857,"w":0.9872493147850037},"size":24.0012149810791,"orthographic":false}