{"cameraMode":{"drawMode":0,"name":"Shaded","section":"Shading Mode"},"sceneLighting":true,"audioPlay":false,"sceneViewState":{"m_AlwaysRefresh":false,"showFog":true,"showSkybox":true,"showFlares":true,"showImageEffects":true,"showParticleSystems":true,"showVisualEffectGraphs":true,"m_FxEnabled":false},"in2DMode":false,"pivot":{"x":-41.698097229003909,"y":15.686098098754883,"z":32.37821578979492},"rotation":{"x":-0.027840960770845414,"y":0.5900053381919861,"z":0.020363351330161096,"w":0.8066633939743042},"size":4.9244279861450199,"orthographic":false}