{"cameraMode":{"drawMode":0,"name":"Shaded","section":"Shading Mode"},"sceneLighting":true,"audioPlay":false,"sceneViewState":{"m_AlwaysRefresh":false,"showFog":true,"showSkybox":true,"showFlares":true,"showImageEffects":true,"showParticleSystems":true,"showVisualEffectGraphs":true,"m_FxEnabled":false},"in2DMode":false,"pivot":{"x":5.665255546569824,"y":0.6016542911529541,"z":-0.28502464294433596},"rotation":{"x":-0.061673954129219058,"y":-0.8475850224494934,"z":0.10086707025766373,"w":-0.5174329876899719},"size":5.813763618469238,"orthographic":false}