{"cameraMode":{"drawMode":0,"name":"Shaded","section":"Shading Mode"},"sceneLighting":true,"audioPlay":false,"sceneViewState":{"m_AlwaysRefresh":false,"showFog":true,"showSkybox":true,"showFlares":true,"showImageEffects":true,"showParticleSystems":true,"showVisualEffectGraphs":true,"m_FxEnabled":true},"in2DMode":false,"pivot":{"x":0.018597859889268876,"y":1.712003469467163,"z":-0.3892906904220581},"rotation":{"x":0.007807000074535608,"y":-0.8808466792106628,"z":0.014535407535731793,"w":0.4731190800666809},"size":4.659274101257324,"orthographic":false}