{"cameraMode":{"drawMode":0,"name":"Shaded","section":"Shading Mode"},"sceneLighting":false,"audioPlay":false,"sceneViewState":{"m_AlwaysRefresh":false,"showFog":true,"showSkybox":false,"showFlares":true,"showImageEffects":true,"showParticleSystems":true,"showVisualEffectGraphs":true,"m_FxEnabled":true},"in2DMode":false,"pivot":{"x":0.0005391836166381836,"y":0.009999999776482582,"z":0.001978754997253418},"rotation":{"x":0.460414320230484,"y":0.011186795309185982,"z":-0.005801750812679529,"w":0.8876200318336487},"size":0.9680202603340149,"orthographic":false}