{"cameraMode":{"drawMode":0,"name":"Shaded","section":"Shading Mode"},"sceneLighting":false,"audioPlay":false,"sceneViewState":{"m_AlwaysRefresh":false,"showFog":true,"showSkybox":false,"showFlares":true,"showImageEffects":true,"showParticleSystems":true,"showVisualEffectGraphs":true,"m_FxEnabled":true},"in2DMode":false,"pivot":{"x":-8.789999961853028,"y":0.009999999776482582,"z":-4.360000133514404},"rotation":{"x":-0.17792239785194398,"y":0.10928121954202652,"z":-0.01988562010228634,"w":-0.9777573347091675},"size":5.5913472175598148,"orthographic":false}