{"cameraMode":{"drawMode":0,"name":"Shaded","section":"Shading Mode"},"sceneLighting":false,"audioPlay":false,"sceneViewState":{"m_AlwaysRefresh":false,"showFog":true,"showSkybox":false,"showFlares":true,"showImageEffects":true,"showParticleSystems":true,"showVisualEffectGraphs":true,"m_FxEnabled":true},"in2DMode":false,"pivot":{"x":-0.20187067985534669,"y":0.781367301940918,"z":0.6667343378067017},"rotation":{"x":0.6673065423965454,"y":-0.10812502354383469,"z":0.09880677610635758,"w":0.7302387356758118},"size":3.875368595123291,"orthographic":false}